16118881161.xml,1.xml
201181020023201.xml,2.xml
1714920071171.xml,3.xml
8121928.xml,4.xml
18220920071182.xml,5.xml
209301020073209.xml,6.xml
149482017.xml,7.xml
224231120153224.xml,8.xml
1483820161483820162.xml,9.xml
6128320033.xml,10.xml
951452014295.xml,11.xml
13910720142139.xml,12.xml
666420041.xml,13.xml
592732017.xml,14.xml
223012012322.xml,15.xml
13921783139.xml,16.xml
13210791132.xml,17.xml
205221092205.xml,18.xml
9519520169519520162.xml,19.xml
14327720103143.xml,20.xml
1074691107.xml,21.xml
1212762017.xml,22.xml
66742016667420161.xml,23.xml
8913520023.xml,24.xml
243201120133243.xml,25.xml
15613820101156.xml,26.xml
15614820032.xml,27.xml
881258188.xml,28.xml
1062620101106.xml,29.xml
731742020.xml,30.xml
13910720143139.xml,31.xml
603138160.xml,32.xml
23281220103232.xml,33.xml
511232014251.xml,34.xml
1738920063173.xml,35.xml
11820683118.xml,36.xml
802749380.xml,37.xml
1652982018.xml,38.xml
603138260.xml,39.xml
218171120043218.xml,40.xml
1012952017.xml,41.xml
229712201622971220162.xml,42.xml
15921820021.xml,43.xml
134147201613414720162.xml,44.xml
18118920031.xml,45.xml
43432005243.xml,46.xml
14219720122142.xml,47.xml
23281220101232.xml,48.xml
23281220102232.xml,49.xml
1274720031.xml,50.xml
24527122001327122001.xml,51.xml
172612004317.xml,52.xml
1121462018.xml,53.xml
562032012356.xml,54.xml
64442019.xml,55.xml
10330520032103.xml,56.xml
224231120151224.xml,57.xml
15918820151159.xml,58.xml
9824520169824520162.xml,59.xml
23511122001211122001.xml,60.xml
6128320031.xml,61.xml
228271120021.xml,62.xml
199141020031.xml,63.xml
42132007142.xml,64.xml
12618620141126.xml,65.xml
231201322.xml,66.xml
771642014277.xml,67.xml
207281020101207.xml,68.xml
1098620073109.xml,69.xml
10329520151103.xml,70.xml
18625993186.xml,71.xml
13111720061131.xml,72.xml
1529820103152.xml,73.xml
11923681119.xml,74.xml
19591020071195.xml,75.xml
15817820151158.xml,76.xml
16023820052160.xml,77.xml
1714920033.xml,78.xml
1738920151173.xml,79.xml
20227920132202.xml,80.xml
1052693105.xml,81.xml
12230620053122.xml,82.xml
19030992190.xml,83.xml
18811020021188.xml,84.xml
15918820152159.xml,85.xml
225241120111225.xml,86.xml
1728920042172.xml,87.xml
12125620153121.xml,88.xml
16023820053160.xml,89.xml
216911200119112001.xml,90.xml
16425820061164.xml,91.xml
23261120143232.xml,92.xml
219161120113219.xml,93.xml
1263720072126.xml,94.xml
7111200527.xml,95.xml
1705920023170.xml,96.xml
199131020111199.xml,97.xml
20322102001222102001.xml,98.xml
18930920033.xml,99.xml
19151020102191.xml,100.xml
18221920151182.xml,101.xml
592632010259.xml,102.xml
9521520023.xml,103.xml
451200634.xml,104.xml
13921781139.xml,105.xml
22423112001123112001.xml,106.xml
17614920041176.xml,107.xml
11920620112119.xml,108.xml
15210820041152.xml,109.xml
231201312.xml,110.xml
168492019.xml,111.xml
1751292017.xml,112.xml
201181020022201.xml,113.xml
411320021.xml,114.xml
1274720033.xml,115.xml
1939102018.xml,116.xml
1528820031.xml,117.xml
20625102001325102001.xml,118.xml
822542014182.xml,119.xml
1731983173.xml,120.xml
10328520103103.xml,121.xml
12021620122120.xml,122.xml
16425820062164.xml,123.xml
6101201116.xml,124.xml
11213620071112.xml,125.xml
891052007389.xml,126.xml
1131762019.xml,127.xml
19430981194.xml,128.xml
13616791136.xml,129.xml
1592282019.xml,130.xml
691342020.xml,131.xml
219161120112219.xml,132.xml
13328620131133.xml,133.xml
18524993185.xml,134.xml
613032010161.xml,135.xml
710120181.xml,136.xml
982752005298.xml,137.xml
208151020123208.xml,138.xml
18613920121186.xml,139.xml
561932013156.xml,140.xml
19120920123191.xml,141.xml
1703920033.xml,142.xml
1728920041172.xml,143.xml
229712201622971220163.xml,144.xml
8111200838.xml,145.xml
18941020051189.xml,146.xml
210301020032.xml,147.xml
11920620113119.xml,148.xml
15817820152158.xml,149.xml
19161020052191.xml,150.xml
227251120093227.xml,151.xml
212812014321.xml,152.xml
201201020102201.xml,153.xml
19251020151192.xml,154.xml
20024920143200.xml,155.xml
1285720113128.xml,156.xml
12129620052121.xml,157.xml
67942019.xml,158.xml
223012012122.xml,159.xml
20227920131202.xml,160.xml
212511200115112001.xml,161.xml
1749920033.xml,162.xml
11314620062113.xml,163.xml
192410200134102001.xml,164.xml
192410200124102001.xml,165.xml
16023820051160.xml,166.xml
772342007277.xml,167.xml
13414720102134.xml,168.xml
1703920031.xml,169.xml
751942011275.xml,170.xml
701349270.xml,171.xml
941852006194.xml,172.xml
16121820071161.xml,173.xml
11416620062114.xml,174.xml
13328620132133.xml,175.xml
1066620161066620162.xml,176.xml
1152262020.xml,177.xml
19120920122191.xml,178.xml
21371120061213.xml,179.xml
1681920041168.xml,180.xml
20429920142204.xml,181.xml
7623420023.xml,182.xml
201201020043201.xml,183.xml
491232007249.xml,184.xml
12327682123.xml,185.xml
201201020041201.xml,186.xml
219171020142219.xml,187.xml
1301072017.xml,188.xml
247281220073247.xml,189.xml
1318720113131.xml,190.xml
101419210.xml,191.xml
14731781147.xml,192.xml
1529820101152.xml,193.xml
15210820043152.xml,194.xml
206261020153206.xml,195.xml
7121200417.xml,196.xml
1309720072130.xml,197.xml
11820682118.xml,198.xml
24119122001119122001.xml,199.xml
17828820142178.xml,200.xml
1472820161472820163.xml,201.xml
602739260.xml,202.xml
14026720053140.xml,203.xml
19317920132193.xml,204.xml
1321672019.xml,205.xml
24321122001121122001.xml,206.xml
16613820131166.xml,207.xml
7623420022.xml,208.xml
1251720151125.xml,209.xml
17614920042176.xml,210.xml
12129620051121.xml,211.xml
458320163.xml,212.xml
226241120091226.xml,213.xml
18118920032.xml,214.xml
14529720101145.xml,215.xml
17716920051177.xml,216.xml
1033052018.xml,217.xml
1052691105.xml,218.xml
1289720023.xml,219.xml
110962017.xml,220.xml
45832005145.xml,221.xml
19251020152192.xml,222.xml
18810920141188.xml,223.xml
9519520169519520163.xml,224.xml
11314620063113.xml,225.xml
14529720103145.xml,226.xml
1515882151.xml,227.xml
1263720033.xml,228.xml
17510920152175.xml,229.xml
212812015121.xml,230.xml
1692920033.xml,231.xml
1738920061173.xml,232.xml
10329520153103.xml,233.xml
247281220072247.xml,234.xml
227251120091227.xml,235.xml
85559385.xml,236.xml
14531720061145.xml,237.xml
206241020113206.xml,238.xml
216301081216.xml,239.xml
42132007342.xml,240.xml
9927520023.xml,241.xml
1251720152125.xml,242.xml
772342007377.xml,243.xml
1351972019.xml,244.xml
22728112001128112001.xml,245.xml
210301020033.xml,246.xml
1714920032.xml,247.xml
14025720021.xml,248.xml
18324920023183.xml,249.xml
1738920062173.xml,250.xml
13414720103134.xml,251.xml
1692920032.xml,252.xml
491332020.xml,253.xml
186309201618630920162.xml,254.xml
14721720142147.xml,255.xml
226241120092226.xml,256.xml
881352019.xml,257.xml
223012006322.xml,258.xml
7111200517.xml,259.xml
891052007189.xml,260.xml
1694920022169.xml,261.xml
15921820022.xml,262.xml
14118720121141.xml,263.xml
19317920131193.xml,264.xml
1692920031.xml,265.xml
195910200129102001.xml,266.xml
20322102001122102001.xml,267.xml
1062620103106.xml,268.xml
244211120131244.xml,269.xml
701442005270.xml,270.xml
224241020142224.xml,271.xml
592632007259.xml,272.xml
18930920031.xml,273.xml
18120920063181.xml,274.xml
1263720073126.xml,275.xml
20625102001225102001.xml,276.xml
22120112001220112001.xml,277.xml
9519520169519520161.xml,278.xml
1749920032.xml,279.xml
1452820052145.xml,280.xml
12327683123.xml,281.xml
15714820152157.xml,282.xml
64342017.xml,283.xml
1556820122155.xml,284.xml
20931120042209.xml,285.xml
20411020132204.xml,286.xml
1318720111131.xml,287.xml
1728920103172.xml,288.xml
18730920053187.xml,289.xml
11912620132119.xml,290.xml
1528820032.xml,291.xml
106562020.xml,292.xml
18221920063182.xml,293.xml
227261120153227.xml,294.xml
15516820053155.xml,295.xml
12025620032120.xml,296.xml
8121201138.xml,297.xml
205221093205.xml,298.xml
17828820143178.xml,299.xml
19819102016198191020161.xml,300.xml
121200631.xml,301.xml
228271120022.xml,302.xml
161258201616125820162.xml,303.xml
19430983194.xml,304.xml
24527122001227122001.xml,305.xml
7623420041.xml,306.xml
10330520031103.xml,307.xml
1771492017.xml,308.xml
942052020.xml,309.xml
1088642108.xml,310.xml
16613820132166.xml,311.xml
12025620031120.xml,312.xml
15616820023.xml,313.xml
207281020103207.xml,314.xml
16729820031.xml,315.xml
13210793132.xml,316.xml
14531720062145.xml,317.xml
172612004217.xml,318.xml
603138360.xml,319.xml
15918891159.xml,320.xml
16613820133166.xml,321.xml
223012006222.xml,322.xml
1088641108.xml,323.xml
15411820101154.xml,324.xml
701442005370.xml,325.xml
18941020053189.xml,326.xml
1062620102106.xml,327.xml
13616792136.xml,328.xml
229712201622971220161.xml,329.xml
471032011247.xml,330.xml
18524992185.xml,331.xml
23713122001313122001.xml,332.xml
11920620111119.xml,333.xml
20024920142200.xml,334.xml
20930102001130102001.xml,335.xml
231201332.xml,336.xml
208151020122208.xml,337.xml
17831820122178.xml,338.xml
18015920112180.xml,339.xml
1691920103169.xml,340.xml
9824520169824520163.xml,341.xml
13922720043139.xml,342.xml
208171083208.xml,343.xml
812942011281.xml,344.xml
10329520152103.xml,345.xml
206261020152206.xml,346.xml
20411020131204.xml,347.xml
18220920072182.xml,348.xml
24527122001127122001.xml,349.xml
218171120041218.xml,350.xml
19424920122.xml,351.xml
14026720051140.xml,352.xml
14327720102143.xml,353.xml
16121820072161.xml,354.xml
741842017.xml,355.xml
10328520102103.xml,356.xml
1398720131139.xml,357.xml
85559185.xml,358.xml
20429920141204.xml,359.xml
19161020051191.xml,360.xml
15411820102154.xml,361.xml
1556820123155.xml,362.xml
19021020072190.xml,363.xml
218171120042218.xml,364.xml
13921782139.xml,365.xml
14219720123142.xml,366.xml
18221920152182.xml,367.xml
18323920101183.xml,368.xml
201181020021201.xml,369.xml
18010981180.xml,370.xml
19021020071190.xml,371.xml
2113112017.xml,372.xml
201191020062201.xml,373.xml
18517983185.xml,374.xml
17730820122177.xml,375.xml
771642014177.xml,376.xml
213191020123213.xml,377.xml
1728920043172.xml,378.xml
1882992017.xml,379.xml
15313820023.xml,380.xml
1285720112128.xml,381.xml
22426112019.xml,382.xml
1274720032.xml,383.xml
121200611.xml,384.xml
1802092018.xml,385.xml
772342007177.xml,386.xml
19591020073195.xml,387.xml
20931120043209.xml,388.xml
18730920051187.xml,389.xml
15313820021.xml,390.xml
208291020043208.xml,391.xml
66742016667420162.xml,392.xml
14721720141147.xml,393.xml
11923683119.xml,394.xml
14025720022.xml,395.xml
16121820073161.xml,396.xml
18623920113186.xml,397.xml
17831820121178.xml,398.xml
1949102017.xml,399.xml
471032011147.xml,400.xml
199141020032.xml,401.xml
15614820031.xml,402.xml
1243720021.xml,403.xml
11213620073112.xml,404.xml
18941020052189.xml,405.xml
24321122001221122001.xml,406.xml
22829112017.xml,407.xml
19113920133191.xml,408.xml
19424920121.xml,409.xml
14118720123141.xml,410.xml
225241120113225.xml,411.xml
1694920021169.xml,412.xml
231201182231.xml,413.xml
42432020.xml,414.xml
561932013356.xml,415.xml
1297720153129.xml,416.xml
5116320163.xml,417.xml
16017820111160.xml,418.xml
20227920133202.xml,419.xml
223012006122.xml,420.xml
121200621.xml,421.xml
20017102001317102001.xml,422.xml
982752005398.xml,423.xml
22728112001228112001.xml,424.xml
18120920061181.xml,425.xml
1731981173.xml,426.xml
16714820133167.xml,427.xml
227251120092227.xml,428.xml
161258201616125820163.xml,429.xml
14327720151143.xml,430.xml
20118102001218102001.xml,431.xml
19514102016195141020161.xml,432.xml
207281020102207.xml,433.xml
18625992186.xml,434.xml
247281220071247.xml,435.xml
1739920101173.xml,436.xml
16729820033.xml,437.xml
881258388.xml,438.xml
186309201618630920163.xml,439.xml
1493820071149.xml,440.xml
23322020.xml,441.xml
13328620133133.xml,442.xml
199131020113199.xml,443.xml
19030991190.xml,444.xml
222211120061222.xml,445.xml
481232018.xml,446.xml
219171020141219.xml,447.xml
691201236.xml,448.xml
227261120152227.xml,449.xml
134147201613414720163.xml,450.xml
19021020073190.xml,451.xml
813120163.xml,452.xml
19430982194.xml,453.xml
12911720051129.xml,454.xml
18424920043184.xml,455.xml
22728112001328112001.xml,456.xml
19251020153192.xml,457.xml
13211720031.xml,458.xml
20118102001118102001.xml,459.xml
15613820103156.xml,460.xml
213191020121213.xml,461.xml
192612017.xml,462.xml
12618620143126.xml,463.xml
18010982180.xml,464.xml
562032012256.xml,465.xml
23371120142233.xml,466.xml
212511200125112001.xml,467.xml
1728920101172.xml,468.xml
1289720022.xml,469.xml
18714920123187.xml,470.xml
149782018.xml,471.xml
1341720131134.xml,472.xml
1066620161066620161.xml,473.xml
18118920033.xml,474.xml
951452014195.xml,475.xml
201201020042201.xml,476.xml
12021620123120.xml,477.xml
65342006165.xml,478.xml
20118102001318102001.xml,479.xml
18517982185.xml,480.xml
10328520101103.xml,481.xml
10026520111100.xml,482.xml
18424920042184.xml,483.xml
15616820021.xml,484.xml
208151020121208.xml,485.xml
188410201618841020162.xml,486.xml
941552012294.xml,487.xml
216911200129112001.xml,488.xml
1412972019.xml,489.xml
20322102001322102001.xml,490.xml
458320162.xml,491.xml
23713122001113122001.xml,492.xml
1318720112131.xml,493.xml
17828820141178.xml,494.xml
65342006365.xml,495.xml
18730920052187.xml,496.xml
1515881151.xml,497.xml
231201181231.xml,498.xml
212812015321.xml,499.xml
216301083216.xml,500.xml
21371120062213.xml,501.xml
18810920143188.xml,502.xml
18015920113180.xml,503.xml
1033620053103.xml,504.xml
1711920113171.xml,505.xml
15918893159.xml,506.xml
12911720052129.xml,507.xml
19514102016195141020163.xml,508.xml
666420042.xml,509.xml
10330520033103.xml,510.xml
15918892159.xml,511.xml
1091162019.xml,512.xml
14118720122141.xml,513.xml
209301020071209.xml,514.xml
23511122001111122001.xml,515.xml
19151020103191.xml,516.xml
216301082216.xml,517.xml
195910200119102001.xml,518.xml
201191020063201.xml,519.xml
1392472018.xml,520.xml
881258288.xml,521.xml
134147201613414720161.xml,522.xml
1263720071126.xml,523.xml
45832005345.xml,524.xml
1705920022170.xml,525.xml
1243720022.xml,526.xml
18810920131188.xml,527.xml
1529820102152.xml,528.xml
1749920031.xml,529.xml
7111200537.xml,530.xml
552132018.xml,531.xml
10026520113100.xml,532.xml
1728920102172.xml,533.xml
5812020.xml,534.xml
15614820033.xml,535.xml
691201216.xml,536.xml
81112017.xml,537.xml
212511200135112001.xml,538.xml
167392019.xml,539.xml
1074693107.xml,540.xml
9521520021.xml,541.xml
16729820032.xml,542.xml
85654385.xml,543.xml
226241120093226.xml,544.xml
15516820052155.xml,545.xml
15631720132156.xml,546.xml
751942011175.xml,547.xml
13210792132.xml,548.xml
17730820123177.xml,549.xml
25522020.xml,550.xml
208291020041208.xml,551.xml
12125620151121.xml,552.xml
18526920061185.xml,553.xml
1252720041125.xml,554.xml
15516820051155.xml,555.xml
23261120142232.xml,556.xml
18524991185.xml,557.xml
1731982173.xml,558.xml
1483820161483820163.xml,559.xml
1556820121155.xml,560.xml
481032015148.xml,561.xml
812942011181.xml,562.xml
1691920101169.xml,563.xml
172612004117.xml,564.xml
9824520169824520161.xml,565.xml
1735920111173.xml,566.xml
201201020101201.xml,567.xml
20024920141200.xml,568.xml
19619920143196.xml,569.xml
1711920111171.xml,570.xml
224241020141224.xml,571.xml
7623420042.xml,572.xml
20429920143204.xml,573.xml
65342006652006.xml,574.xml
9521520022.xml,575.xml
18017920152180.xml,576.xml
12618620142126.xml,577.xml
222211120063222.xml,578.xml
1714920031.xml,579.xml
20930102001330102001.xml,580.xml
12129620053121.xml,581.xml
7925420181.xml,582.xml
8111200828.xml,583.xml
18810920132188.xml,584.xml
7121200427.xml,585.xml
16118882161.xml,586.xml
18714920121187.xml,587.xml
20017102001217102001.xml,588.xml
19591020072195.xml,589.xml
1804920122180.xml,590.xml
18323920103183.xml,591.xml
6101201136.xml,592.xml
18017920151180.xml,593.xml
132012020.xml,594.xml
1804920121180.xml,595.xml
22423112001323112001.xml,596.xml
511232014351.xml,597.xml
16425820063164.xml,598.xml
14721720143147.xml,599.xml
751942011375.xml,600.xml
12327681123.xml,601.xml
1735920113173.xml,602.xml
613032010261.xml,603.xml
1285720111128.xml,604.xml
8913520021.xml,605.xml
18015920111180.xml,606.xml
212101020133212.xml,607.xml
434320161.xml,608.xml
13922720041139.xml,609.xml
20930102001230102001.xml,610.xml
812942011381.xml,611.xml
18811020022188.xml,612.xml
666420043.xml,613.xml
219161120111219.xml,614.xml
941552012394.xml,615.xml
13910720141139.xml,616.xml
17614920043176.xml,617.xml
15714820151157.xml,618.xml
1714920072171.xml,619.xml
13211720032.xml,620.xml
19351091193.xml,621.xml
561932013256.xml,622.xml
18324920022183.xml,623.xml
244211120133244.xml,624.xml
1493820072149.xml,625.xml
18221920062182.xml,626.xml
224231120152224.xml,627.xml
212101020131212.xml,628.xml
13111720063131.xml,629.xml
16714820131167.xml,630.xml
411320022.xml,631.xml
481032015248.xml,632.xml
19317920133193.xml,633.xml
195910200139102001.xml,634.xml
162212003216.xml,635.xml
15411820103154.xml,636.xml
1098620072109.xml,637.xml
891052007289.xml,638.xml
1681920043168.xml,639.xml
171992019.xml,640.xml
1739920102173.xml,641.xml
1493820073149.xml,642.xml
19619920141196.xml,643.xml
941852006394.xml,644.xml
24119122001219122001.xml,645.xml
18613920123186.xml,646.xml
23371120143233.xml,647.xml
2312020.xml,648.xml
613032010361.xml,649.xml
227261120151227.xml,650.xml
199141020033.xml,651.xml
20931102017.xml,652.xml
1341720132134.xml,653.xml
13616793136.xml,654.xml
14219720121142.xml,655.xml
19161020053191.xml,656.xml
15817820153158.xml,657.xml
392822020.xml,658.xml
7623420021.xml,659.xml
434320163.xml,660.xml
206241020111206.xml,661.xml
18120920062181.xml,662.xml
1341720133134.xml,663.xml
592632010159.xml,664.xml
45832005245.xml,665.xml
208171081208.xml,666.xml
1703920032.xml,667.xml
8121201128.xml,668.xml
9927520021.xml,669.xml
5116320162.xml,670.xml
1528820033.xml,671.xml
1291072018.xml,672.xml
192410200114102001.xml,673.xml
212812015221.xml,674.xml
592632007159.xml,675.xml
22120112001120112001.xml,676.xml
18625991186.xml,677.xml
66742016667420163.xml,678.xml
19619920142196.xml,679.xml
23511122001311122001.xml,680.xml
15313820022.xml,681.xml
14026720052140.xml,682.xml
15631720131156.xml,683.xml
782742020.xml,684.xml
19424920123.xml,685.xml
24221122018.xml,686.xml
188410201618841020163.xml,687.xml
5116320161.xml,688.xml
18714920122187.xml,689.xml
19918102018.xml,690.xml
223012012222.xml,691.xml
1088643108.xml,692.xml
1251720161251720163.xml,693.xml
15616820022.xml,694.xml
1781892018.xml,695.xml
1622482018.xml,696.xml
18810920142188.xml,697.xml
1297720151129.xml,698.xml
1309720073130.xml,699.xml
481032015348.xml,700.xml
41232004141.xml,701.xml
1882102019.xml,702.xml
20726102001126102001.xml,703.xml
17.xml,704.xml
20026920132200.xml,705.xml
20026920131200.xml,706.xml
458320161.xml,707.xml
207271020063207.xml,708.xml
23713122001213122001.xml,709.xml
491232007349.xml,710.xml
16017820112160.xml,711.xml
802749180.xml,712.xml
18010983180.xml,713.xml
209301020072209.xml,714.xml
18424920041184.xml,715.xml
13922720042139.xml,716.xml
602739360.xml,717.xml
12.xml,718.xml
223112019.xml,719.xml
206241020112206.xml,720.xml
212812014221.xml,721.xml
205221091205.xml,722.xml
1711920112171.xml,723.xml
1098620071109.xml,724.xml
451200614.xml,725.xml
1141662006.xml,726.xml
19514102016195141020162.xml,727.xml
982752005198.xml,728.xml
20026920133200.xml,729.xml
18526920062185.xml,730.xml
244211120132244.xml,731.xml
22961220053229.xml,732.xml
13111720062131.xml,733.xml
771642014377.xml,734.xml
1694920023169.xml,735.xml
22423112001223112001.xml,736.xml
7121200437.xml,737.xml
243201120132243.xml,738.xml
10026520112100.xml,739.xml
108962020.xml,740.xml
1121762020.xml,741.xml
1452820051145.xml,742.xml
23371120141233.xml,743.xml
18017920153180.xml,744.xml
1939102019.xml,745.xml
17730820121177.xml,746.xml
1284781128.xml,747.xml
18811020023188.xml,748.xml
128672017.xml,749.xml
1472820161472820162.xml,750.xml
224241020143224.xml,751.xml
8121201118.xml,752.xml
16017820113160.xml,753.xml
11416620061114.xml,754.xml
1033620052103.xml,755.xml
451200624.xml,756.xml
511232014151.xml,757.xml
17510920151175.xml,758.xml
212101020132212.xml,759.xml
11912620131119.xml,760.xml
208171082208.xml,761.xml
802749280.xml,762.xml
42132007242.xml,763.xml
1705920021170.xml,764.xml
18526920063185.xml,765.xml
20726102001226102001.xml,766.xml
207271020062207.xml,767.xml
14327720152143.xml,768.xml
213191020122213.xml,769.xml
1452820053145.xml,770.xml
85559285.xml,771.xml
1738920153173.xml,772.xml
434320162.xml,773.xml
24321122001321122001.xml,774.xml
691201226.xml,775.xml
212812014121.xml,776.xml
8111200818.xml,777.xml
15918820153159.xml,778.xml
1483820161483820161.xml,779.xml
19113920132191.xml,780.xml
24119122001319122001.xml,781.xml
1251720161251720161.xml,782.xml
210301020031.xml,783.xml
701349370.xml,784.xml
222211120062222.xml,785.xml
17716920053177.xml,786.xml
411320023.xml,787.xml
11912620133119.xml,788.xml
822542014282.xml,789.xml
9927520022.xml,790.xml
471032011347.xml,791.xml
7623420043.xml,792.xml
6101201126.xml,793.xml
15228720143152.xml,794.xml
1472820161472820161.xml,795.xml
18930920032.xml,796.xml
1739920103173.xml,797.xml
18324920021183.xml,798.xml
1398720132139.xml,799.xml
22121112019.xml,800.xml
22961220051229.xml,801.xml
18323920102183.xml,802.xml
162212003316.xml,803.xml
1052692105.xml,804.xml
1804920123180.xml,805.xml
20931120041209.xml,806.xml
18220920073182.xml,807.xml
14529720102145.xml,808.xml
14327720101143.xml,809.xml
1289720021.xml,810.xml
19120920121191.xml,811.xml
21371120063213.xml,812.xml
1398720133139.xml,813.xml
201201020103201.xml,814.xml
592632007359.xml,815.xml
14531720063145.xml,816.xml
941852006294.xml,817.xml
19113920131191.xml,818.xml
219171020143219.xml,819.xml
16714820132167.xml,820.xml
11923682119.xml,821.xml
208291020042208.xml,822.xml
22311200233112002.xml,823.xml
11416620063114.xml,824.xml
1738920152173.xml,825.xml
199131020112199.xml,826.xml
22120112001320112001.xml,827.xml
19351092193.xml,828.xml
225241120112225.xml,829.xml
8913520022.xml,830.xml
1714920073171.xml,831.xml
1309720071130.xml,832.xml
19819102016198191020163.xml,833.xml
4712020.xml,834.xml
15613820102156.xml,835.xml
15210820042152.xml,836.xml
1074692107.xml,837.xml
20726102001326102001.xml,838.xml
188410201618841020161.xml,839.xml
1691920102169.xml,840.xml
19351093193.xml,841.xml
108862018.xml,842.xml
216911200139112001.xml,843.xml
951452014395.xml,844.xml
18623920112186.xml,845.xml
206261020151206.xml,846.xml
43432005143.xml,847.xml
228271120023.xml,848.xml
592632010359.xml,849.xml
41232004341.xml,850.xml
161258201616125820161.xml,851.xml
13414720101134.xml,852.xml
1252720042125.xml,853.xml
85654285.xml,854.xml
15631720133156.xml,855.xml
12911720053129.xml,856.xml
11820681118.xml,857.xml
18613920122186.xml,858.xml
14025720023.xml,859.xml
1928102018.xml,860.xml
11213620072112.xml,861.xml
11314620061113.xml,862.xml
43432005343.xml,863.xml
231201183231.xml,864.xml
17831820123178.xml,865.xml
701442005170.xml,866.xml
20017102001117102001.xml,867.xml
19819102016198191020162.xml,868.xml
13211720033.xml,869.xml
14731782147.xml,870.xml
602739160.xml,871.xml
85654185.xml,872.xml
1252720043125.xml,873.xml
22961220052229.xml,874.xml
15921820023.xml,875.xml
18517981185.xml,876.xml
18623920111186.xml,877.xml
44732019.xml,878.xml
243201120131243.xml,879.xml
1681920042168.xml,880.xml
15228720142152.xml,881.xml
1515883151.xml,882.xml
12230620052122.xml,883.xml
101419110.xml,884.xml
1284782128.xml,885.xml
8121918.xml,886.xml
562032012156.xml,887.xml
65342006265.xml,888.xml
1263720031.xml,889.xml
1243720023.xml,890.xml
1251720161251720162.xml,891.xml
19030993190.xml,892.xml
20411020133204.xml,893.xml
1297720152129.xml,894.xml
1263720032.xml,895.xml
12025620033120.xml,896.xml
23261120141232.xml,897.xml
186309201618630920161.xml,898.xml
22311200213112002.xml,899.xml
491232007149.xml,900.xml
16118883161.xml,901.xml
1735920112173.xml,902.xml
17716920052177.xml,903.xml
6128320032.xml,904.xml
1284783128.xml,905.xml
14731783147.xml,906.xml
701349170.xml,907.xml
1033620051103.xml,908.xml
12021620121120.xml,909.xml
20625102001125102001.xml,910.xml
17510920153175.xml,911.xml
207271020061207.xml,912.xml
941552012194.xml,913.xml
12125620152121.xml,914.xml
8121938.xml,915.xml
1066620161066620163.xml,916.xml
813120161.xml,917.xml
372122020.xml,918.xml
15228720141152.xml,919.xml
41232004241.xml,920.xml
822542014382.xml,921.xml
12230620051122.xml,922.xml
19151020101191.xml,923.xml
18221920061182.xml,924.xml
813120162.xml,925.xml
1251720153125.xml,926.xml
14327720153143.xml,927.xml
101419310.xml,928.xml
15714820153157.xml,929.xml
18221920153182.xml,930.xml
201191020061201.xml,931.xml
162212003116.xml,932.xml
18810920133188.xml,933.xml
